person_id,person_name
1,Michelle
2,Jennifer
3,Andrew
4,April
5,Aaron
6,Maria
7,Danielle
8,Shannon
9,Heather
10,Paula
11,Christopher
12,Bradley
13,Tanya
14,Eric
15,Jordan
16,Jessica
17,Victor
18,William
19,Carl
20,Joshua
21,Jennifer
22,Ashley
23,Travis
24,Erika
25,Jeff
26,Jennifer
27,Jennifer
28,Ashley
29,Angela
30,Ryan
31,Allison
32,Edward
33,Tom
34,Carolyn
35,Catherine
36,Vernon
37,Tammy
38,Joseph
39,Christopher
40,Monica
41,Matthew
42,Michael
43,Michael
44,Carlos
45,Stephanie
46,Lisa
47,Jay
48,Samuel
49,Steven
50,Mark
51,Charles
52,Jonathan
53,Travis
54,Matthew
55,Cody
56,Wendy
57,Joseph
58,Stephanie
59,Kathy
60,Ronald
61,Madison
62,Kathryn
63,Kevin
64,Margaret
65,Cynthia
66,Caitlin
67,David
68,Lisa
69,Marie
70,Michael
71,Jonathan
72,Gregory
73,Rebekah
74,Kyle
75,Ronald
76,Nicholas
77,Melanie
78,Zachary
79,Christopher
80,Brian
81,Cheryl
82,Jose
83,Amanda
84,Scott
85,Benjamin
86,Amanda
87,Mark
88,Nicole
89,Natasha
90,Sandra
91,Andrew
92,Linda
93,Michael
94,Seth
95,Eric
96,Anthony
97,Sheila
98,William
99,Andrea
100,Jessica
101,Ann
102,Lisa
103,William
104,David
105,Joshua
106,Jessica
107,Andrea
108,Jonathan
109,Robert
110,Nicole
111,Sarah
112,Ronnie
113,Jason
114,Michael
115,Claudia
116,Tony
117,Dana
118,Dwayne
119,Brittany
120,Amanda
121,Ariana
122,Adam
123,Olivia
124,Theresa
125,Tommy
126,Brooke
127,Craig
128,Tammy
129,Keith
130,Darlene
131,William
132,Michelle
133,Joe
134,Kenneth
135,Jeffrey
136,Curtis
137,Julie
138,Roger
139,Rose
140,Michael
141,Melissa
142,Heather
143,Jeffrey
144,Brandy
145,Steven
146,Jorge
147,Louis
148,Tony
149,Deborah
150,Kelsey
151,Pamela
152,Donna
153,Lisa
154,Brandon
155,Ashley
156,Brittany
157,Margaret
158,Bridget
159,Regina
160,David
161,David
162,Angela
163,Angel
164,Victor
165,Kaitlin
166,Anthony
167,Brian
168,Adam
169,Rachel
170,William
171,Darren
172,Jason
173,Justin
174,Stephen
175,Michael
176,John
177,Robert
178,David
179,Philip
180,Michelle
181,John
182,Thomas
183,Daniel
184,Wesley
185,Danny
186,Morgan
187,Brian
188,Tammie
189,Gina
190,Elizabeth
191,Emily
192,Jesus
193,Kent
194,Joseph
195,Anthony
196,Susan
197,Alexis
198,Peter
199,Edward
200,Rachel
201,Michael
202,Anna
203,Cynthia
204,Amber
205,Robert
206,Ian
207,Denise
208,George
209,Dan
210,Paul
211,Janice
212,Thomas
213,Christy
214,Desiree
215,Larry
216,Thomas
217,Michele
218,Thomas
219,Brian
220,Erik
221,Stephanie
222,Jeffrey
223,David
224,David
225,Jody
226,Mia
227,Kerry
228,Stacey
229,Deborah
230,Ricky
231,Teresa
232,Lisa
233,William
234,Luis
235,William
236,Eric
237,Meagan
238,Patricia
239,Jeremy
240,Matthew
241,Allen
242,Kendra
243,John
244,Donna
245,Kathleen
246,Dylan
247,David
248,Paula
249,Christine
250,Kyle
251,Donald
252,Nicole
253,Franklin
254,Heather
255,Barbara
256,Tyler
257,Brittany
258,Daniel
259,Frederick
260,Crystal
261,Rachel
262,James
263,Anthony
264,Edward
265,Stephanie
266,Michele
267,Jesse
268,Kelly
269,Billy
270,Angela
271,Maria
272,Zachary
273,Destiny
274,Alice
275,Jeffrey
276,Devin
277,William
278,Nicole
279,Maria
280,Kathryn
281,Brooke
282,Randall
283,Lauren
284,Emily
285,Mark
286,William
287,Steve
288,Jackie
289,Elizabeth
290,Cody
291,Elizabeth
292,Austin
293,Amy
294,Erik
295,Lisa
296,John
297,Stacy
298,Carlos
299,Jimmy
300,Terrance
301,Sheryl
302,Samuel
303,Meghan
304,Autumn
305,Aaron
306,Jason
307,Madison
308,Paige
309,Richard
310,David
311,Cynthia
312,Walter
313,Heather
314,Samantha
315,Kathryn
316,Malik
317,Christopher
318,Tammy
319,Jeffrey
320,Corey
321,Michael
322,Catherine
323,Alejandro
324,Ronnie
325,Kayla
326,Kathleen
327,Stacy
328,Cassandra
329,Carl
330,Emily
331,Samantha
332,Heather
333,Hunter
334,Lisa
335,Laura
336,Darren
337,Shannon
338,Mary
339,Diane
340,Sara
341,Melissa
342,Diana
343,Mary
344,Claudia
345,John
346,Jeffery
347,Cameron
348,Shawn
349,Michael
350,Brandon
351,David
352,David
353,Kelly
354,Janice
355,Courtney
356,John
357,Amanda
358,Renee
359,Jonathan
360,Mary
361,Molly
362,Alyssa
363,John
364,Michael
365,Brandi
366,Melinda
367,Elizabeth
368,Harry
369,Kenneth
370,Brian
371,Michael
372,Julie
373,Danielle
374,Anita
375,Kristopher
376,Ashley
377,Shawn
378,Sharon
379,Miguel
380,Andrew
381,Helen
382,Andrea
383,Alexander
384,Kathryn
385,Destiny
386,Jason
387,Lauren
388,Christopher
389,Sue
390,David
391,William
392,Jacqueline
393,Rachel
394,Angela
395,Erik
396,Chad
397,Anthony
398,Maureen
399,Stephen
400,Sarah
401,Elizabeth
402,Deborah
403,Judith
404,Curtis
405,Margaret
406,Matthew
407,Patrick
408,Kelly
409,Mark
410,Todd
411,Tony
412,Grace
413,Amanda
414,Ronald
415,Amber
416,Theresa
417,Michael
418,Annette
419,Shane
420,Kimberly
421,Rebecca
422,Kristen
423,Samantha
424,Michael
425,Daniel
426,Larry
427,Sheryl
428,Calvin
429,Jeffrey
430,Michael
431,Nicholas
432,John
433,Jennifer
434,Cole
435,Anna
436,Eric
437,Tyler
438,Darlene
439,Michael
440,Vanessa
441,Nicole
442,Christopher
443,Christopher
444,Jason
445,Diane
446,Deborah
447,Theresa
448,Ruth
449,Diane
450,Jennifer
